{"checkpoint/step":50000,"final/best_loss":0.0017238311254186556,"_runtime":7743,"train/best_loss":0.0017238311254186556,"train/loss":0.0034359749406576157,"train/grad_norm":0.1867428421974182,"train/steps_per_sec":6.4595005682182975,"_wandb":{"runtime":7743},"_timestamp":1.764277374384026e+09,"train/avg_loss":0.0017739292787155136,"final/total_time_minutes":129.06392922004065,"_step":50000,"train/lr":1e-06,"train/eta_minutes":0}