{"learning_rate":5e-05,"_wandb":{"runtime":10105},"_runtime":10105,"step":2500,"_timestamp":1.7640193471475034e+09,"_step":249,"loss":0.4059819355607033}