{"_wandb":{"runtime":17668},"_runtime":17668,"train_loss":1.6774068683389487e-06,"learning_rate":5e-05,"step":2500,"_timestamp":1.7640964638612647e+09,"_step":274,"val_loss":8.304064906858181e-07}