{"_timestamp":1.7639913797310147e+09,"_step":3,"loss":3.298377823829651,"learning_rate":0.0002,"step":40,"_wandb":{"runtime":472},"_runtime":472}