{"val_loss":8.740235169728598,"_wandb":{"runtime":23572},"_runtime":23572,"_step":549,"train_loss":4.7699811057100304e-05,"learning_rate":0,"step":5000,"_timestamp":1.7642158542899282e+09}