{"_step":50000,"_runtime":3940,"train/avg_loss":0.061891491748392584,"train/grad_norm":1.8137229681015015,"checkpoint/step":50000,"final/best_loss":0.0617592342197895,"_timestamp":1.7643733349758859e+09,"train/loss":0.06638498604297638,"final/total_time_minutes":65.66992542743682,"train/lr":1e-07,"train/best_loss":0.0617592342197895,"train/steps_per_sec":12.691387726630644,"train/avg_kl_loss":0,"_wandb":{"runtime":3940},"train/eta_minutes":0}