{"_step":3,"loss":6.879077625274658,"learning_rate":0.0002,"_wandb":{"runtime":284},"_runtime":284,"step":40,"_timestamp":1.7639903906165936e+09}