{"learning_rate":5e-05,"step":2500,"val_loss":7.624786285810437e-07,"_wandb":{"runtime":12122},"_runtime":12122,"_timestamp":1.764120755068271e+09,"_step":274,"train_loss":1.5443012330251805e-06}