{"_step":50000,"_wandb":{"runtime":6844},"train/best_loss":0.0011233825259841978,"final/best_loss":0.0011233825259841978,"train/avg_loss":0.0011763010604772717,"train/eta_minutes":0,"checkpoint/step":50000,"_runtime":6844,"final/total_time_minutes":114.07139478127162,"train/loss":0.0012135164579376578,"train/steps_per_sec":7.30879316667229,"_timestamp":1.7643643339304874e+09,"train/grad_norm":0.16109803318977356,"train/lr":1e-06}