{"_timestamp":1.7639899260672617e+09,"_step":1,"loss":70.86202878952027,"learning_rate":0.0001,"step":20,"_wandb":{"runtime":131},"_runtime":131}