{"_timestamp":1.7641670545003498e+09,"_step":274,"train_loss":0.00017409321803825152,"learning_rate":0,"step":2500,"val_loss":8.745561904377407,"_wandb":{"runtime":12220},"_runtime":12220}