{"_step":249,"_wandb":{"runtime":10212},"_runtime":10212,"loss":0.3594841793179512,"learning_rate":5e-05,"step":2500,"_timestamp":1.7640016308339672e+09}